{"goods":[{
    "gid":0,
    "title":"SLATTUM 斯拉图",
    "price":"¥ 799",
    "pic1":"/static/imgs/1/1.jpg",
    "detail":"床架, 白色150x200 厘米"
},
{
    "gid":1,
    "title":"GRIMSBU 格里姆斯布",
    "price":"¥ 299",
    "pic1":"static/imgs/2/2.jpg",
    "detail":"床架, 白色150x200 厘米"
},
{
    "gid":2,
    "title":"MALM 马尔姆",
    "price":"¥ 1299",
    "pic1":"static/imgs/3/1.jpg",
    "detail":"高床架, 白色/鲁瑞150x200 厘米"
},
{
    "gid":3,
    "title":"MALM 马尔姆",
    "price":"¥ 2249",
    "pic1":"static/imgs/4/1.jpg",
    "detail":"高床架，带2个储物盒, 白色橡木贴面/朗塞特180x200 厘米 2020年08月13日2021年07月31日售完即止"
},
{
    "gid":4,
    "title":"NORDLI 诺德里",
    "price":"¥ 4299",
    "pic1":"static/imgs/5/1.jpg",
    "detail":"床架，带储物件和床头板, 白色180x200 厘米"
},
{
    "gid":5,
    "title":"HAUGA 豪嘉",
    "price":"¥ 1799",
    "pic1":"static/imgs/6/1.jpg",
    "detail":"带软垫床，2个储物盒, 威索尔 灰色120x200 厘米"
},
{
    "gid":6,
    "title":"SLÄKT 斯莱克",
    "price":"¥ 1,498",
    "pic1":"static/imgs/7/1.jpg",
    "detail":"床架带储物, 白色90x200 厘米 "
},
{
    "gid":7,
    "title":"HEMNES 汉尼斯",
    "price":"¥ 1999",
    "pic1":"static/imgs/8/1.jpg",
    "detail":"坐卧两用床框架带3屉, 白色80x200 厘米床架, 白色150x200 厘米"
},
{
    "gid":8,
    "title":"FINSLAND 菲茵斯兰",
    "price":"¥ 8199",
    "pic1":"static/imgs/9/1.jpg",
    "detail":"床架带4储物盒, 哥兰/邦斯塔 深褐色/鲁瑞180x200 厘米"

},
{
    "gid":9,
    "title":"PLATSA 普拉萨",
    "price":"¥ 3359",
    "pic1":"static/imgs/10/1.jpg",
    "detail":"床架带4屉, 白色/福纳140x244x163 厘米"
},
{
    "gid":10,
    "title":"BESTÅ 贝达",
    "price":"¥ 1169",
    "pic1":"static/imgs/11/1.jpg",
    "detail":"带门电视柜, 白色/赛维肯 高光白180x42x38 厘米"
},
{
    "gid":11,
    "title":"BESTÅ 贝达",
    "price":"¥ 1309",
    "pic1":"static/imgs/12/1.jpg",
    "detail":"电视柜, 仿白色橡木纹/赛维肯 高光白180x42x39 厘米"
},
{
    "gid":12,
    "title":"BESTÅ 贝达",
    "price":"¥ 3279",
    "pic1":"static/imgs/13/1.jpg",
    "detail":"视听储物组合/玻璃门, 白色/拉维肯 白色透明玻璃300x42x193 厘米"
},
{
    "gid":13,
    "title":"HEMNES 汉尼斯",
    "price":"¥ 1299",
    "pic1":"static/imgs/14/1.jpg",
    "detail":"电视柜, 白色漆183x47x57 厘米 "
},
{
    "gid":14,
    "title":"GRIMSBU 格里姆斯布",
    "price":"¥ 299",
    "pic1":"static/imgs/15/1.jpg",
    "detail":"床架, 白色150x200 厘米"
},
{
    "gid":15,
    "title":"BILLY 毕利 / BRIMNES 百灵",
    "price":"¥ 2200",
    "pic1":"static/imgs/16/1.jpg",
    "detail":"电视机组合柜, 白色340x41x202 厘米"
},
{
    "gid":16,
    "title":"BRIMNES 百灵",
    "price":"¥ 2797",
    "pic1":"static/imgs/17/1.jpg",
    "detail":"视听储物组合/玻璃门, 黑色320x41x190 厘米"
},
{
    "gid":17,
    "title":"BESTÅ 贝达 / EKET 伊克特",
    "price":"¥ 2409",
    "pic1":"static/imgs/18/1.jpg",
    "detail":"电视柜组合, 白色/仿白色橡木纹300x42x210 厘米"
},
{
    "gid":18,
    "title":"PLATSA 普拉萨",
    "price":"¥ 3300",
    "pic1":"static/imgs/19/1.jpg",
    "detail":"电视/储物组合带6个门和2个抽屉, 白色/福纳 瓦德300x42x221 厘米"
},
{
    "gid":18,
    "title":"BRIMNES 百灵",
    "price":"¥ 1298",
    "pic1":"static/imgs/20/1.jpg",
    "detail":"电视机组合柜, 黑色200x41x95 厘米"
},
{
    "gid":20,
    "title":"BRIMNES 百灵 / BURHULT 博库",
    "price":"¥ 2646",
    "pic1":"static/imgs/21/1.jpg",
    "detail":"电视机组合柜, 白色338x41x190 厘米"
},
{
    "gid":21,
    "title":"SMÅSPORRE 思莫斯伯",
    "price":"¥ 129",
    "pic1":"static/imgs/22/1.jpg",
    "detail":"特暖被150x200 厘米 2020年12月10日2020年12月24日售完即止"
},
{
    "gid":22,
    "title":"SILVERTOPP 希尔瓦托谱",
    "price":"¥ 24.9",
    "pic1":"static/imgs/23/1.jpg",
    "detail":"被子150x200 厘米"
},
{
    "gid":23,
    "title":"FJÄLLARNIKA 福雅拉尼",
    "price":"¥ 399",
    "pic1":"static/imgs/24/1.jpg",
    "detail":"被子，超暖型200x230 厘米 2020年12月10日2020年12月24日售完即止。"
},
{
    "gid":24,
    "title":"STJÄRNBRÄCKA 欢布莱卡",
    "price":"¥ 339",
    "pic1":"static/imgs/25/1.jpg",
    "detail":"特暖被150x200 厘米 2020年12月10日2020年12月24日售完即止。"
},
{
    "gid":25,
    "title":"SMÅSPORRE 思莫斯伯",
    "price":"¥ 99",
    "pic1":"static/imgs/26/1.jpg",
    "detail":"被子150x200 厘米"
},
{
    "gid":26,
    "title":"FJÄLLHAVRE 菲亚哈",
    "price":"¥ 1399",
    "pic1":"static/imgs/27/1.jpg",
    "detail":"被子，超暖型200x230 厘米 2020年12月10日2020年12月24日售完即止"
},
{
    "gid":27,
    "title":"FJÄLLBRÄCKA 菲亚蕾",
    "price":"¥ 499",
    "pic1":"/static/imgs/28/1.jpg",
    "detail":"被子，超暖型150x200 厘米 2020年12月10日2020年12月24日售完即止。"
},
{
    "gid":28,
    "title":"FJÄLLARNIKA 福雅拉尼",
    "price":"¥ 799",
    "pic1":"/static/imgs/30/1.jpg",
    "detail":"被子，微暖型200x230 厘米"
},

{
    "gid":29,
    "title":"FJÄLLARNIKA 福雅拉尼",
    "price":"¥ 799",
    "pic1":"/static/imgs/30/1.jpg",
    "detail":"FJÄLLARNIKA 福雅拉尼"
},

{
    "gid":30,
    "title":"INNER 英内尔",
    "price":"¥ 29",
    "pic1":"/static/imgs/31/1.jpg",
    "detail":"垫心, 白色50x50 厘米"
},

{
    "gid":31,
    "title":"FESTHOLMEN 费霍蒙",
    "price":"¥ 49",
    "pic1":"/static/imgs/32/1.jpg",
    "detail":"垫套, 室内/户外/淡米色 米黄色40x65 厘米"
},

{
    "gid":32,
    "title":"INNER 英内尔",
    "price":"¥ 20",
    "pic1":"/static/imgs/33/1.jpg",
    "detail":"垫心, 白色40x65 厘米 "
},

{
    "gid":33,
    "title":"FESTHOLMEN 费霍蒙",
    "price":"¥ 49",
    "pic1":"/static/imgs/34/1.jpg",
    "detail":"垫套, 室内/户外/米黄色50x50 厘米"
},

{
    "gid":34,
    "title":"SÖTHOLMEN 索特候姆",
    "price":"¥ 129",
    "pic1":"/static/imgs/35/1.jpg",
    "detail":"垫套，室内/外, 紫色50x50 厘米"
},

{
    "gid":35,
    "title":"UPPTÅG 乌普托格",
    "price":"¥ 99",
    "pic1":"/static/imgs/36/1.jpg",
    "detail":"靠垫, 红色45x27 厘米  "
},

{
    "gid":36,
    "title":"FJÄDERMOLN 费德蒙",
    "price":"¥ 39",
    "pic1":"/static/imgs/37/1.jpg",
    "detail":"靠垫, 浅蓝色59x34 厘米"
},

{
    "gid":37,
    "title":"KÄPPHÄST 谢普海斯特",
    "price":"¥ 149",
    "pic1":"/static/imgs/38/1.jpg",
    "detail":"毯子, 编织/多色120x150 厘米"
},

{
    "gid":38,
    "title":"SLATTUM 斯拉图",
    "price":"¥ 799",
    "pic1":"/static/imgs/39/1.jpg",
    "detail":"床架, 白色150x200 厘米"
},

{
    "gid":39,
    "title":"KÄPPHÄST 谢普海斯特",
    "price":"¥ 129",
    "pic1":"/static/imgs/40/1.jpg",
    "detail":"靠垫, 象50x50 厘米"
},

{
    "gid":40,
    "title":"SOLIGT 索利特",
    "price":"¥ 39",
    "pic1":"/static/imgs/41/1.jpg",
    "detail":"靠垫, 黄色40 厘米"
},

{
    "gid":41,
    "title":"GRACIÖS 格拉希思",
    "price":"¥ 79",
    "pic1":"/static/imgs/42/1.jpg",
    "detail":"靠垫, 天鹅绒/天蓝色36 厘米    "
},

{
    "gid":42,
    "title":"FULLTALIG 福塔格",
    "price":"¥ 69",
    "pic1":"/static/imgs/43/1.jpg",
    "detail":"蜡烛台，3件套, 黑色"
},

{
    "gid":43,
    "title":"GLASIG 格拉奇",
    "price":"¥ 9.9/5件",
    "pic1":"/static/imgs/44/1.jpg",
    "detail":"小圆蜡烛托, 透明玻璃5x5 厘米"
},

{
    "gid":44,
    "title":"PÄRLBAND 帕邦德",
    "price":"¥ 79",
    "pic1":"/static/imgs/45/1.jpg",
    "detail":"装饰台座, 黑色22 厘米"
},
{
    "gid":45,
    "title":"STABBIG 斯泰比",
    "price":"¥ 14",
    "pic1":"/static/imgs/46/1.jpg",
    "detail":"杯装蜡烛装饰, 黑色8 厘米 "
},

{
    "gid":46,
    "title":"SNÖYRA 斯诺于拉",
    "price":"¥ 59",
    "pic1":"/static/imgs/47/1.jpg",
    "detail":"LED灯串，40个灯泡, 室内/电池操作 银色"
},

{
    "gid":47,
    "title":"MOGNAD 摩格纳",
    "price":"¥ 14.9",
    "pic1":"/static/imgs/48/1.jpg",
    "detail":"LED阔型烛, 电池操作/白色10 厘米"
},

{
    "gid":48,
    "title":"STRÅLA 思吉拉",
    "price":"¥ 129",
    "pic1":"/static/imgs/49/1.jpg",
    "detail":"LED桌饰, 森林中的柜子 红色/白色 "
},

{
    "gid":49,
    "title":"VISSVASS 维斯瓦斯",
    "price":"¥ 34.9",
    "pic1":"/static/imgs/50/1.jpg",
    "detail":"LED灯串，40个灯泡, 室内/电池操作 银色"
}



]}
